SpellIndex,SpellName,Name,Level1,Level2,Level3
0,Fencing,基本剑术,7,9,12
1,Slaying,攻杀剑术,15,17,20
2,Thrusting,刺杀剑术,22,24,27
3,HalfMoon,半月弯刀,26,28,31
4,ShoulderDash,野蛮冲撞,30,32,34
5,TwinDrakeBlade,双龙斩,32,34,37
6,Entrapment,捕绳剑,32,35,37
7,FlamingSword,烈火剑法,35,37,40
8,LionRoar,狮子吼,36,39,41
9,CrossHalfMoon,狂风斩,38,40,42
10,BladeAvalanche,空破闪,38,41,43
11,ProtectionField,护身气幕,39,42,45
12,Rage,剑气爆,44,47,50
13,CounterAttack,天务,47,51,55
14,SlashingBurst,日闪,50,53,56
15,Fury,血龙剑法,45,48,51
16,ImmortalSkin,金刚不坏,60,61,62
17,EntrapmentRare,捕绳剑-秘籍,55,60,65
18,ImmortalSkinRare,金刚不坏-秘籍,62,64,66
19,LionRoarRare,狮子吼-秘籍,95,97,102
20,DimensionalSword,时空剑,90,92,94
21,DimensionalSwordRare,时空剑-秘籍,100,105,110
22,FireBall,火球术,7,9,11
23,Repulsion,抗拒火环,12,15,19
24,ElectricShock,诱惑之光,13,18,24
25,GreatFireBall,大火球,15,18,21
26,HellFire,地狱火,16,20,24
27,ThunderBolt,雷电术,17,20,23
28,Teleport,瞬息移动,19,22,25
29,FireBang,爆裂火焰,22,25,28
30,FireWall,火墙,24,28,33
31,Lightning,疾光电影,26,29,32
32,FrostCrunch,寒冰掌,28,30,33
33,ThunderStorm,地狱雷光,30,32,34
34,MagicShield,魔法盾,31,34,38
35,TurnUndead,圣言术,32,35,39
36,Vampirism,嗜血术,33,36,40
37,IceStorm,冰咆哮,35,37,40
38,FlameDisruptor,灭天火,38,40,42
39,Mirroring,分身术,41,43,45
40,FlameField,火龙气焰,42,43,45
41,Blizzard,天霜冰环,44,47,50
42,MagicBooster,深延术,47,49,52
43,MeteorStrike,天上落焰,49,52,55
44,IceThrust,冰焰术,53,56,59
45,Blink,时光涌动,19,22,25
46,StormEscape,雷仙风,60,61,62
47,HeavenlySecrets,天上秘术,50,63,56
48,GreatFireBallRare,大火球-秘籍,55,60,65
49,StormEscapeRare,雷仙风-秘籍,62,64,66
50,Healing,治愈术,7,11,14
51,SpiritSword,精神力战法,9,12,15
52,Poisoning,施毒术,14,17,20
53,SoulFireBall,灵魂火符,18,21,24
54,SummonSkeleton,召唤骷髅,19,22,26
55,Hiding,隐身术,20,23,26
56,MassHiding,集体隐身术,21,25,29
57,SoulShield,幽灵盾,22,24,26
58,Revelation,心灵启示,23,25,28
59,BlessedArmour,神圣战甲术,25,27,29
60,EnergyRepulsor,气功波,27,29,31
61,TrapHexagon,困魔咒,28,30,32
62,Purification,净化术,30,32,35
63,MassHealing,群体治疗术,31,33,36
64,Hallucination,迷魂术,31,34,36
65,UltimateEnhancer,无极真气,33,35,38
66,SummonShinsu,召唤神兽,35,37,40
67,Reincarnation,苏生术,37,39,41
68,SummonHolyDeva,精魂召唤术,38,41,43
69,Curse,诅咒术,40,42,44
70,Plague,烦脑,42,44,47
71,PoisonCloud,毒雾,43,45,48
72,EnergyShield,先天气功,48,51,54
73,PetEnhancer,血龙水,45,48,51
74,HealingCircle,阴阳五行阵,39,41,43
75,HealingRare,治愈术-秘籍,55,60,65
76,HealingcircleRare,阴阳五行阵-秘籍,60,61,61
77,FatalSword,绝命剑法,7,9,12
78,DoubleSlash,风剑术,15,17,19
79,Haste,体迅风,20,22,25
80,FlashDash,拔刀术,25,27,30
81,LightBody,风身术,27,29,32
82,HeavenlySword,迁移剑,30,32,35
83,FireBurst,烈风击,33,35,38
84,Trap,捕缚术,33,35,38
85,PoisonSword,猛毒剑气,34,36,39
86,MoonLight,月影术,36,39,42
87,MPEater,吸气,38,41,44
88,SwiftFeet,轻身步,40,43,46
89,DarkBody,烈火身,46,49,52
90,Hemorrhage,血风击,47,51,55
91,CrescentSlash,月华乱舞,50,53,56
92,MoonMist,月影雾,60,61,62
93,CatTongue,猫舌兰,48,51,53
94,Focus,必中闪,7,13,17
95,StraightShot,天日闪,9,12,16
96,DoubleShot,无我闪,14,18,21
97,ExplosiveTrap,爆阱,22,25,30
98,DelayedExplosion,爆闪,31,34,39
99,Meditation,气功术,19,24,29
100,ElementalShot,万金闪,20,25,31
101,Concentration,气流术,23,27,32
102,ElementalBarrier,金刚术,33,38,44
103,BackStep,风弹步,30,34,38
104,BindingShot,困兽笼,35,39,42
105,Stonetrap,地柱钉,40,43,46
106,SummonVampire,吸血地精,28,33,41
107,VampireShot,吸血地闪,26,32,36
108,SummonToad,痹魔阱,37,43,47
109,PoisonShot,毒魔闪,40,45,49
110,CrippleShot,邪爆闪,43,47,50
111,SummonSnakes,蛇柱阱,46,51,54
112,NapalmShot,血龙闪,48,52,55
113,OneWithNature,血龙闪秘笈,50,53,56
114,MentalState,精神状态,11,15,22
115,Portal,传送门,7,11,14
116,BattleCry,呐喊,48,51,55
117,FireBounce,火焰跳动,15,18,21
118,MeteorShower,火流星,15,18,21
